"","Gemeinde_f","Gemeinde_d","Gemeinde_i","Kanton_Short","Ja_Stimmen_In_Prozent","Commune","Gemeinde","Comune","Pourcentage de oui","Ja in %","Percentuale di sì"
"1","Aeugst am Albis","Aeugst am Albis","Aeugst am Albis","ZH",NA,"Aeugst am Albis","Aeugst am Albis","Aeugst am Albis",NA,NA,NA
"2","Affoltern am Albis","Affoltern am Albis","Affoltern am Albis","ZH",NA,"Affoltern am Albis","Affoltern am Albis","Affoltern am Albis",NA,NA,NA
"3","Hausen am Albis","Hausen am Albis","Hausen am Albis","ZH",NA,"Hausen am Albis","Hausen am Albis","Hausen am Albis",NA,NA,NA
"4","Hedingen","Hedingen","Hedingen","ZH",NA,"Hedingen","Hedingen","Hedingen",NA,NA,NA
"5","Kappel am Albis","Kappel am Albis","Kappel am Albis","ZH",NA,"Kappel am Albis","Kappel am Albis","Kappel am Albis",NA,NA,NA
"6","Bonstetten","Bonstetten","Bonstetten","ZH",NA,"Bonstetten","Bonstetten","Bonstetten",NA,NA,NA
"7","Maschwanden","Maschwanden","Maschwanden","ZH",NA,"Maschwanden","Maschwanden","Maschwanden",NA,NA,NA
"8","Mettmenstetten","Mettmenstetten","Mettmenstetten","ZH",NA,"Mettmenstetten","Mettmenstetten","Mettmenstetten",NA,NA,NA
"9","Obfelden","Obfelden","Obfelden","ZH",NA,"Obfelden","Obfelden","Obfelden",NA,NA,NA
"10","Ottenbach","Ottenbach","Ottenbach","ZH",NA,"Ottenbach","Ottenbach","Ottenbach",NA,NA,NA
"11","Rifferswil","Rifferswil","Rifferswil","ZH",NA,"Rifferswil","Rifferswil","Rifferswil",NA,NA,NA
"12","Stallikon","Stallikon","Stallikon","ZH",NA,"Stallikon","Stallikon","Stallikon",NA,NA,NA
"13","Wettswil am Albis","Wettswil am Albis","Wettswil am Albis","ZH",NA,"Wettswil am Albis","Wettswil am Albis","Wettswil am Albis",NA,NA,NA
"14","Adlikon","Adlikon","Adlikon","ZH",NA,"Adlikon","Adlikon","Adlikon",NA,NA,NA
"15","Benken (ZH)","Benken ZH","Benken ZH","ZH",NA,"Benken (ZH)","Benken ZH","Benken ZH",NA,NA,NA
"16","Berg am Irchel","Berg am Irchel","Berg am Irchel","ZH",NA,"Berg am Irchel","Berg am Irchel","Berg am Irchel",NA,NA,NA
"17","Buch am Irchel","Buch am Irchel","Buch am Irchel","ZH",NA,"Buch am Irchel","Buch am Irchel","Buch am Irchel",NA,NA,NA
"18","Dachsen","Dachsen","Dachsen","ZH",NA,"Dachsen","Dachsen","Dachsen",NA,NA,NA
"19","Dorf","Dorf","Dorf","ZH",NA,"Dorf","Dorf","Dorf",NA,NA,NA
"20","Feuerthalen","Feuerthalen","Feuerthalen","ZH",NA,"Feuerthalen","Feuerthalen","Feuerthalen",NA,NA,NA
"21","Flaach","Flaach","Flaach","ZH",NA,"Flaach","Flaach","Flaach",NA,NA,NA
"22","Flurlingen","Flurlingen","Flurlingen","ZH",NA,"Flurlingen","Flurlingen","Flurlingen",NA,NA,NA
"23","Andelfingen","Andelfingen","Andelfingen","ZH",NA,"Andelfingen","Andelfingen","Andelfingen",NA,NA,NA
"24","Henggart","Henggart","Henggart","ZH",NA,"Henggart","Henggart","Henggart",NA,NA,NA
"25","Humlikon","Humlikon","Humlikon","ZH",NA,"Humlikon","Humlikon","Humlikon",NA,NA,NA
"26","Kleinandelfingen","Kleinandelfingen","Kleinandelfingen","ZH",NA,"Kleinandelfingen","Kleinandelfingen","Kleinandelfingen",NA,NA,NA
"27","Laufen-Uhwiesen","Laufen-Uhwiesen","Laufen-Uhwiesen","ZH",NA,"Laufen-Uhwiesen","Laufen-Uhwiesen","Laufen-Uhwiesen",NA,NA,NA
"28","Marthalen","Marthalen","Marthalen","ZH",NA,"Marthalen","Marthalen","Marthalen",NA,NA,NA
"29","Ossingen","Ossingen","Ossingen","ZH",NA,"Ossingen","Ossingen","Ossingen",NA,NA,NA
"30","Rheinau","Rheinau","Rheinau","ZH",NA,"Rheinau","Rheinau","Rheinau",NA,NA,NA
"31","Thalheim an der Thur","Thalheim an der Thur","Thalheim an der Thur","ZH",NA,"Thalheim an der Thur","Thalheim an der Thur","Thalheim an der Thur",NA,NA,NA
"32","Trüllikon","Trüllikon","Trüllikon","ZH",NA,"Trüllikon","Trüllikon","Trüllikon",NA,NA,NA
"33","Truttikon","Truttikon","Truttikon","ZH",NA,"Truttikon","Truttikon","Truttikon",NA,NA,NA
"34","Volken","Volken","Volken","ZH",NA,"Volken","Volken","Volken",NA,NA,NA
"35","Bachenbülach","Bachenbülach","Bachenbülach","ZH",NA,"Bachenbülach","Bachenbülach","Bachenbülach",NA,NA,NA
"36","Bassersdorf","Bassersdorf","Bassersdorf","ZH",NA,"Bassersdorf","Bassersdorf","Bassersdorf",NA,NA,NA
"37","Bülach","Bülach","Bülach","ZH",NA,"Bülach","Bülach","Bülach",NA,NA,NA
"38","Dietlikon","Dietlikon","Dietlikon","ZH",NA,"Dietlikon","Dietlikon","Dietlikon",NA,NA,NA
"39","Eglisau","Eglisau","Eglisau","ZH",NA,"Eglisau","Eglisau","Eglisau",NA,NA,NA
"40","Embrach","Embrach","Embrach","ZH",NA,"Embrach","Embrach","Embrach",NA,NA,NA
"41","Freienstein-Teufen","Freienstein-Teufen","Freienstein-Teufen","ZH",NA,"Freienstein-Teufen","Freienstein-Teufen","Freienstein-Teufen",NA,NA,NA
"42","Glattfelden","Glattfelden","Glattfelden","ZH",NA,"Glattfelden","Glattfelden","Glattfelden",NA,NA,NA
"43","Hochfelden","Hochfelden","Hochfelden","ZH",NA,"Hochfelden","Hochfelden","Hochfelden",NA,NA,NA
"44","Höri","Höri","Höri","ZH",NA,"Höri","Höri","Höri",NA,NA,NA
"45","Hüntwangen","Hüntwangen","Hüntwangen","ZH",NA,"Hüntwangen","Hüntwangen","Hüntwangen",NA,NA,NA
"46","Kloten","Kloten","Kloten","ZH",NA,"Kloten","Kloten","Kloten",NA,NA,NA
"47","Lufingen","Lufingen","Lufingen","ZH",NA,"Lufingen","Lufingen","Lufingen",NA,NA,NA
"48","Nürensdorf","Nürensdorf","Nürensdorf","ZH",NA,"Nürensdorf","Nürensdorf","Nürensdorf",NA,NA,NA
"49","Oberembrach","Oberembrach","Oberembrach","ZH",NA,"Oberembrach","Oberembrach","Oberembrach",NA,NA,NA
"50","Opfikon","Opfikon","Opfikon","ZH",NA,"Opfikon","Opfikon","Opfikon",NA,NA,NA
