"","Gemeinde_f","Gemeinde_d","Gemeinde_i","Kanton_Short","Ja_Stimmen_In_Prozent","Commune","Gemeinde","Comune","Canton","Kanton","Cantone","Pourcentage de oui","Ja in %","Percentuale di sì"
"1","Sévaz","Sévaz","Sévaz","FR",80.45112782,"Sévaz","Sévaz","Sévaz","FR","FR","FR",80.45112782,80.45112782,80.45112782
"2","Bedretto","Bedretto","Bedretto","TI",78.431372549,"Bedretto","Bedretto","Bedretto","TI","TI","TI",78.431372549,78.431372549,78.431372549
"3","Auboranges","Auboranges","Auboranges","FR",78.378378378,"Auboranges","Auboranges","Auboranges","FR","FR","FR",78.378378378,78.378378378,78.378378378
"4","Cuarny","Cuarny","Cuarny","VD",77.5,"Cuarny","Cuarny","Cuarny","VD","VD","VD",77.5,77.5,77.5
"5","Pailly","Pailly","Pailly","VD",75.735294118,"Pailly","Pailly","Pailly","VD","VD","VD",75.735294118,75.735294118,75.735294118
"6","Bursinel","Bursinel","Bursinel","VD",75.634517766,"Bursinel","Bursinel","Bursinel","VD","VD","VD",75.634517766,75.634517766,75.634517766
"7","Chapelle (Glâne)","Chapelle (Glâne)","Chapelle (Glâne)","FR",75.460122699,"Chapelle (Glâne)","Chapelle (Glâne)","Chapelle (Glâne)","FR","FR","FR",75.460122699,75.460122699,75.460122699
"8","Ferpicloz","Ferpicloz","Ferpicloz","FR",74.789915966,"Ferpicloz","Ferpicloz","Ferpicloz","FR","FR","FR",74.789915966,74.789915966,74.789915966
"9","Saint-Aubin (FR)","Saint-Aubin FR","Saint-Aubin FR","FR",74.151436031,"Saint-Aubin (FR)","Saint-Aubin FR","Saint-Aubin FR","FR","FR","FR",74.151436031,74.151436031,74.151436031
"10","Bourg-Saint-Pierre","Bourg-Saint-Pierre","Bourg-Saint-Pierre","VS",74.137931034,"Bourg-Saint-Pierre","Bourg-Saint-Pierre","Bourg-Saint-Pierre","VS","VS","VS",74.137931034,74.137931034,74.137931034
"11","Saint-Martin (VS)","Saint-Martin VS","Saint-Martin VS","VS",74.130434783,"Saint-Martin (VS)","Saint-Martin VS","Saint-Martin VS","VS","VS","VS",74.130434783,74.130434783,74.130434783
"12","Embd","Embd","Embd","VS",73.793103448,"Embd","Embd","Embd","VS","VS","VS",73.793103448,73.793103448,73.793103448
"13","Eischoll","Eischoll","Eischoll","VS",73.75,"Eischoll","Eischoll","Eischoll","VS","VS","VS",73.75,73.75,73.75
"14","Hüniken","Hüniken","Hüniken","SO",73.626373626,"Hüniken","Hüniken","Hüniken","SO","SO","SO",73.626373626,73.626373626,73.626373626
"15","Poliez-Pittet","Poliez-Pittet","Poliez-Pittet","VD",73.58490566,"Poliez-Pittet","Poliez-Pittet","Poliez-Pittet","VD","VD","VD",73.58490566,73.58490566,73.58490566
"16","Leytron","Leytron","Leytron","VS",73.235685752,"Leytron","Leytron","Leytron","VS","VS","VS",73.235685752,73.235685752,73.235685752
"17","Eppenberg-Wöschnau","Eppenberg-Wöschnau","Eppenberg-Wöschnau","SO",73.195876289,"Eppenberg-Wöschnau","Eppenberg-Wöschnau","Eppenberg-Wöschnau","SO","SO","SO",73.195876289,73.195876289,73.195876289
"18","Chavannes-le-Chêne","Chavannes-le-Chêne","Chavannes-le-Chêne","VD",73.099415205,"Chavannes-le-Chêne","Chavannes-le-Chêne","Chavannes-le-Chêne","VD","VD","VD",73.099415205,73.099415205,73.099415205
"19","Vétroz","Vétroz","Vétroz","VS",73.022804464,"Vétroz","Vétroz","Vétroz","VS","VS","VS",73.022804464,73.022804464,73.022804464
"20","Lüterswil-Gächliwil","Lüterswil-Gächliwil","Lüterswil-Gächliwil","SO",72.959183673,"Lüterswil-Gächliwil","Lüterswil-Gächliwil","Lüterswil-Gächliwil","SO","SO","SO",72.959183673,72.959183673,72.959183673
"21","Rossa","Rossa","Rossa","GR",72.826086957,"Rossa","Rossa","Rossa","GR","GR","GR",72.826086957,72.826086957,72.826086957
"22","Rossenges","Rossenges","Rossenges","VD",72.727272727,"Rossenges","Rossenges","Rossenges","VD","VD","VD",72.727272727,72.727272727,72.727272727
"23","Silvaplana","Silvaplana","Silvaplana","GR",72.5,"Silvaplana","Silvaplana","Silvaplana","GR","GR","GR",72.5,72.5,72.5
"24","Vionnaz","Vionnaz","Vionnaz","VS",72.348484848,"Vionnaz","Vionnaz","Vionnaz","VS","VS","VS",72.348484848,72.348484848,72.348484848
"25","Bougy-Villars","Bougy-Villars","Bougy-Villars","VD",72.189349112,"Bougy-Villars","Bougy-Villars","Bougy-Villars","VD","VD","VD",72.189349112,72.189349112,72.189349112
"26","Cheseaux-Noréaz","Cheseaux-Noréaz","Cheseaux-Noréaz","VD",72.155688623,"Cheseaux-Noréaz","Cheseaux-Noréaz","Cheseaux-Noréaz","VD","VD","VD",72.155688623,72.155688623,72.155688623
"27","Signy-Avenex","Signy-Avenex","Signy-Avenex","VD",72.123893805,"Signy-Avenex","Signy-Avenex","Signy-Avenex","VD","VD","VD",72.123893805,72.123893805,72.123893805
"28","Bas-Intyamon","Bas-Intyamon","Bas-Intyamon","FR",72.01309329,"Bas-Intyamon","Bas-Intyamon","Bas-Intyamon","FR","FR","FR",72.01309329,72.01309329,72.01309329
"29","Bussy-sur-Moudon","Bussy-sur-Moudon","Bussy-sur-Moudon","VD",71.666666667,"Bussy-sur-Moudon","Bussy-sur-Moudon","Bussy-sur-Moudon","VD","VD","VD",71.666666667,71.666666667,71.666666667
"30","Rovray","Rovray","Rovray","VD",71.559633028,"Rovray","Rovray","Rovray","VD","VD","VD",71.559633028,71.559633028,71.559633028
"31","Mex (VD)","Mex VD","Mex VD","VD",71.481481481,"Mex (VD)","Mex VD","Mex VD","VD","VD","VD",71.481481481,71.481481481,71.481481481
"32","Balm bei Günsberg","Balm bei Günsberg","Balm bei Günsberg","SO",71.428571429,"Balm bei Günsberg","Balm bei Günsberg","Balm bei Günsberg","SO","SO","SO",71.428571429,71.428571429,71.428571429
"33","Falera","Falera","Falera","GR",71.428571429,"Falera","Falera","Falera","GR","GR","GR",71.428571429,71.428571429,71.428571429
"34","Conthey","Conthey","Conthey","VS",71.313402754,"Conthey","Conthey","Conthey","VS","VS","VS",71.313402754,71.313402754,71.313402754
"35","Broc","Broc","Broc","FR",71.266968326,"Broc","Broc","Broc","FR","FR","FR",71.266968326,71.266968326,71.266968326
"36","Collombey-Muraz","Collombey-Muraz","Collombey-Muraz","VS",71.244173539,"Collombey-Muraz","Collombey-Muraz","Collombey-Muraz","VS","VS","VS",71.244173539,71.244173539,71.244173539
"37","La Sonnaz","La Sonnaz","La Sonnaz","FR",71.011673152,"La Sonnaz","La Sonnaz","La Sonnaz","FR","FR","FR",71.011673152,71.011673152,71.011673152
"38","Bremblens","Bremblens","Bremblens","VD",70.967741935,"Bremblens","Bremblens","Bremblens","VD","VD","VD",70.967741935,70.967741935,70.967741935
"39","Corcelles-près-Payerne","Corcelles-près-Payerne","Corcelles-près-Payerne","VD",70.924195223,"Corcelles-près-Payerne","Corcelles-près-Payerne","Corcelles-près-Payerne","VD","VD","VD",70.924195223,70.924195223,70.924195223
"40","Wiler (Lötschen)","Wiler (Lötschen)","Wiler (Lötschen)","VS",70.786516854,"Wiler (Lötschen)","Wiler (Lötschen)","Wiler (Lötschen)","VS","VS","VS",70.786516854,70.786516854,70.786516854
"41","Bure","Bure","Bure","JU",70.752089136,"Bure","Bure","Bure","JU","JU","JU",70.752089136,70.752089136,70.752089136
"42","Ménières","Ménières","Ménières","FR",70.718232044,"Ménières","Ménières","Ménières","FR","FR","FR",70.718232044,70.718232044,70.718232044
"43","Hermenches","Hermenches","Hermenches","VD",70.718232044,"Hermenches","Hermenches","Hermenches","VD","VD","VD",70.718232044,70.718232044,70.718232044
"44","Senarclens","Senarclens","Senarclens","VD",70.588235294,"Senarclens","Senarclens","Senarclens","VD","VD","VD",70.588235294,70.588235294,70.588235294
"45","Oekingen","Oekingen","Oekingen","SO",70.54631829,"Oekingen","Oekingen","Oekingen","SO","SO","SO",70.54631829,70.54631829,70.54631829
"46","Romanel-sur-Morges","Romanel-sur-Morges","Romanel-sur-Morges","VD",70.484581498,"Romanel-sur-Morges","Romanel-sur-Morges","Romanel-sur-Morges","VD","VD","VD",70.484581498,70.484581498,70.484581498
"47","Unterramsern","Unterramsern","Unterramsern","SO",70.454545455,"Unterramsern","Unterramsern","Unterramsern","SO","SO","SO",70.454545455,70.454545455,70.454545455
"48","Tartegnin","Tartegnin","Tartegnin","VD",70.408163265,"Tartegnin","Tartegnin","Tartegnin","VD","VD","VD",70.408163265,70.408163265,70.408163265
"49","Villars-Epeney","Villars-Epeney","Villars-Epeney","VD",70.37037037,"Villars-Epeney","Villars-Epeney","Villars-Epeney","VD","VD","VD",70.37037037,70.37037037,70.37037037
"50","Assens","Assens","Assens","VD",70.323741007,"Assens","Assens","Assens","VD","VD","VD",70.323741007,70.323741007,70.323741007
